{
    "best_valid": 0.8523076923076923,
    "selected_epoch": 16,
    "test": 0.8492307692307692,
    "time": 169.81065464019775
}