{
    "best_valid": 0.6731730769230769,
    "selected_epoch": 18,
    "test": 0.6729807692307692,
    "time": 222.35018372535706
}