{
    "best_valid": 0.8514903846153846,
    "selected_epoch": 20,
    "test": 0.8500480769230769,
    "time": 302.9229247570038
}