{
    "best_valid": 0.6126923076923076,
    "selected_epoch": 6,
    "test": 0.6110576923076924,
    "time": 40.65643000602722
}